freq_Hz,|H1|,ang_H1
1,0.013440705962856903,-10.198175102031238
1.0596372886056478,0.013338634831874037,-10.611264857930692
1.1228311834035287,0.013229253167269849,-11.021071359737148
1.1897937907435858,0.013112547484481525,-11.424381486711592
1.2607498664233687,0.012988603404527305,-11.81770188862361
1.3359375700667908,0.012857616212964633,-12.19729820299531
1.4156092644919915,0.01271989895091588,-12.559248663555977
1.5000323627513292,0.012575887232269404,-12.89951212184947
1.5894902256865417,0.012426140071301994,-13.21400959041083
1.6842831130116662,0.01227133617520787,-13.49871738746266
1.7847291911159615,0.012112265401866771,-13.74976889981013
1.8911656009694682,0.01194981538894139,-13.963560984151554
2.0039495897155577,0.011784953699715764,-14.136860210204723
2.1234597097485937,0.011618706169698425,-14.266903621681273
2.250097089301335,0.011452132438341554,-14.351488543755476
2.384286778806727,0.011286299877139553,-14.389046254056742
2.5264791775530537,0.011122257251885821,-14.378695067678525
2.6771515454209447,0.010961009468588636,-14.320269522598858
2.836809604776269,0.010803494649863396,-14.214323797906964
3.0059892378955846,0.010650564586240637,-14.06210912131567
3.1852582856214346,0.010502969330885015,-13.865526569356069
3.3752184532845706,0.010361346389648746,-13.627058175116918
3.57650733029021,0.010226214635682542,-13.349680493815034
3.789800530146942,0.010097972780208879,-13.03676563077465
4.015813958121152,0.009976901982808107,-12.691975152035758
4.255306214128211,0.009863172001015361,-12.319152269393363
4.5090811389255805,0.009756850166210872,-11.92221726253115
4.777990512153968,0.009657912428453107,-11.505070352978896
5.062936911282341,0.009566255728437155,-11.07150528369713
5.364876741052671,0.009481711017525266,-10.625135797524502
5.684823443592558,0.009404056342459315,-10.169336153327286
6.023850899970239,0.009333029525869231,-9.707195857176293
6.383097034609155,0.009268340094707304,-9.24148797804005
6.763767634659994,0.009209680226546928,-8.774649796287466
7.167140397149751,0.009156734591533934,-8.308774106084462
7.594569217491768,0.009109189061840606,-7.845609246281852
8.04748873375089,0.009066738339527113,-7.3865658410783865
8.527419141916292,0.00902909261871777,-6.932728256100685
9.035971298344078,0.00899598345164927,-6.484868879512976
9.574852126495772,0.008967169034565584,-6.043463484682923
10.14587034612,0.008942439174037484,-5.608706087868296
10.75094254410704,0.008921620243952415,-5.180521853104884
11.392099607392687,0.008904580507060321,-4.75857669317423
12.07149353950305,0.008891236264669427,-4.342282249907289
12.791404683619605,0.00888155943124173,-3.930794891094729
13.554249376408261,0.00887558733353784,-3.523007218325268
14.362588058302041,0.008873435848168089,-3.1175303257938083
15.219133867459028,0.008875317484996927,-2.7126646774022127
16.126761746240668,0.008881566811842056,-2.306356993735558
17.088518090775743,0.008892676898426618,-1.8961400395895573
18.107630975998166,0.008909352593239925,-1.4790519166310945
19.187520990478333,0.008932590099151722,-1.0515320440546037
20.33181271741441,0.00896379875157622,-0.609294134267987
21.544346900318832,0.009004992647892198,-0.14718646032342805
22.829193334233338,0.009059102046348995,0.34092217922216506
24.19066452574114,0.009130498540104197,0.8621159547253872
25.633330167625168,0.00922591956845161,1.4239406587767673
27.162032476755684,0.009356178076480218,2.0325295924292135
28.781902446687937,0.009539504829510203,2.686653104608599
30.49837706952066,0.009808481667561967,3.359292939516913
32.31721758481955,0.010225167089378297,3.938386074597437
34.24452881685694,0.010913499499102674,4.02271621513377
36.28677966507226,0.012097502974397168,2.1871344841751976
38.45082481652772,0.01371349776387006,-5.964870358906278
40.743927753236186,0.013042104919207759,-22.228302999140443
43.173785131583585,0.010051818966532833,-27.674891412925614
45.74855261567406,0.008541042515929631,-23.027391870406518
48.476872251305664,0.008027759255319596,-17.911473636761368
51.3679014724559,0.007864371332162726,-14.207841029635262
54.431343837635225,0.007820587655027684,-11.630434095048322
57.67748159927351,0.007819545416855605,-9.78641852633543
61.117210215456325,0.007833757438131656,-8.415957262052494
64.76207491984752,0.007852699324359563,-7.360617624788126
68.62430947254305,0.007872186818826262,-6.522792867958706
72.71687722192038,0.00789057625200184,-5.840440272582781
77.05351461530549,0.007907291477655875,-5.272734672294582
81.64877730449795,0.007922214351388809,-4.791914973248674
86.51808900090455,0.007935420023471015,-4.378533139964318
91.67779324426061,0.007947058369439021,-4.018598171414529
97.14520825869748,0.007957300311960331,-3.701804416601743
102.93868508027717,0.007966313956110553,-3.420399459232396
109.07766915109553,0.007974254713045975,-3.168440693896415
115.58276558669077,0.007981262023977993,-2.9412948798623124
122.47580833582316,0.007987459149300132,-2.7352935898609134
129.77993346475662,0.007992954307522372,-2.547491091394429
137.51965681201608,0.007997842331321519,-2.3754910067422053
145.7209562742639,0.008002206444639424,-2.2173200706616325
154.41135899948313,0.008006119983586255,-2.071334714889216
163.6200337801256,0.008009647994413524,-1.9361508954730862
173.37788895633676,0.008012848698038266,-1.8105906022163478
183.71767615786374,0.008015774839955568,-1.6936404733293358
194.67410023284918,0.008018474961332143,-1.5844192580929353
206.2839357324804,0.008020994639821732,-1.48215175524922
218.5861503424672,0.008023377762627846,-1.386147446210015
231.6220356756384,0.008025667914394782,-1.295782426007803
245.43534586465407,0.008027909994623812,-1.210483460115913
260.0724444200114,0.008030152232831971,-1.1297130823778005
275.5824598462639,0.008032448860995326,-1.0529545917500378
292.0174505387698,0.008034863862649424,-0.9796955627930487
309.4325795144359,0.008037476506705022,-0.9094079628699897
327.8862995629283,0.008040389916058443,-0.8415219784605444
347.44054943980046,0.008043744987275971,-0.7753888226805173
368.1609617600467,0.008047744194812061,-0.7102244010710949
390.1170832898634,0.008052694741398398,-0.6450193627491748
413.38260837601445,0.008059092392425098,-0.578389355630096
438.0356262962902,0.008067798964903198,-0.5083201294002411
464.15888336127773,0.008080462141929678,-0.4317512505852372
491.8400606471694,0.008100668791380182,-0.34413567134428147
521.1720682918038,0.008137868969747523,-0.2416003136959158
552.2533573417245,0.008225804817598137,-0.1640529286243487
585.1882501969508,0.008521650029245221,-1.3496628681360503
620.0872907625803,0.00788412427699443,-3.6431881495591196
657.0676154824824,0.007882464894603116,-1.580512886905253
696.253346500436,0.007921269239828188,-1.0638171055517103
737.7760082683305,0.007943499912429337,-0.8407965284179814
781.7749689997516,0.007957225424397273,-0.7124024539290483
828.397908450661,0.007966411455131064,-0.625689214610558
877.801313597248,0.007972937044286511,-0.5611174472389571
930.1510038746637,0.007977780140369,-0.5098781648774667
985.62268773957,0.007981494775215167,-0.46742540907967955
1044.4025524245699,0.007984417019217423,-0.4311715728086934
1106.687888863989,0.007986762211242936,-0.3995291347379899
1172.6877538885456,0.007988674611443265,-0.3714643244127012
1242.6236719115057,0.0079902544779503,-0.3462702737834905
1316.7303784615017,0.00799157366328805,-0.32344344452116114
1395.256608057634,0.007992685021492951,-0.3026123988640142
1478.4659290713041,0.007993628308785496,-0.28349476382592453
1566.6376283769464,0.007994434011592779,-0.2658701719885159
1660.0676487609296,0.00799512590368895,-0.2495626544062434
1759.0695822349842,0.007995722798769707,-0.23442883662790434
1863.975722588148,0.007996239779167066,-0.22034981423268768
1975.1381807100581,0.007996689074883562,-0.20722542843047942
2092.9300664290977,0.007997080703975052,-0.19497014700484738
2217.7467408321672,0.007997422946780715,-0.18351004342775
2350.0071432694094,0.007997722702374793,-0.1727805425609971
2490.1551974979006,0.007997985760155082,-0.1627247113875166
2638.6613016839365,0.007998217009365309,-0.15329194378804303
2796.0239072650156,0.007998420602598606,-0.14443693460974555
2962.77119197087,0.007998600084746803,-0.1361188691458284
3139.4628326189354,0.007998758495699015,-0.12830077512696267
3326.691883634535,0.007998898452879533,-0.12094899881740531
3525.0867676009134,0.0079990222181446,-0.11403277696840991
3735.3133845202788,0.007999131752428366,-0.10752388360310892
3958.077346865453,0.00799922876070773,-0.10139633580640262
4194.126347923944,0.007999314729252163,-0.09562614648183107
4444.252671383635,0.007999390956676492,-0.09019111482883302
4709.295850583362,0.007999458579978722,-0.08507064737225056
4990.145486353981,0.007999518596490663,-0.08024560393883184
5287.744232907843,0.007999571882475309,-0.07569816416162153
5603.090961798617,0.007999619208955748,-0.07141171100122266
5937.244114571097,0.007999661255244771,-0.06737072847387507
6291.325255353957,0.007999698620554246,-0.06356071132159359
6666.522835319501,0.00799973183399227,-0.059968084786933586
7064.09618164559,0.007999761363200159,-0.05658013299215554
7485.379724368442,0.00799978762183651,-0.05338493469040893
7931.7874753134665,0.00799981097607992,-0.05037130537063292
8404.817774137397,0.007999831750292905,-0.04752874486999429
8906.058317411505,0.0079998502319664,-0.04484738978684346
9437.191487625705,0.007999866676044867,-0.04231797010028992
10000,0.007999881308716676,-0.03993176949491412
